rating,major,title,image_urls,link,images,rating_nums
7.7,"
      
          导演: 土方政人 / 植田泰史
            
          主演: 锦户亮 / 仓科加奈 / 知念侑李
            
          类型: 剧情 / 喜剧
            
          制片国家/地区: 日本
            
          年份: 2013
    ","
        欢迎来到阴阳屋 よろず占い処 陰陽屋へようこそ
      ",,http://movie.douban.com/subject/24876428/,,
8.5,"
      
          导演: 水田伸生
            
          主演: 满岛光 / 田中裕子 / 小栗旬
            
          类型: 剧情
            
          制片国家/地区: 日本
            
          年份: 2013
    ","
        女人 Woman
      ",,http://movie.douban.com/subject/24706387/,,
8.1,"
      
          导演: 田中亮
            
          主演: 石原里美 / 松下奈绪 / 岩田刚典
            
          类型: 剧情 / 爱情
            
          制片国家/地区: 日本
            
          年份: 2014
    ","
        亲密姐妹 ディア・シスター
      ",,http://movie.douban.com/subject/25975924/,,
8.4,"
      
          导演: 金子文紀
            
          主演: 小泉孝太郎 / 長谷川京子 / 国仲涼子
            
          类型: 犯罪 / 悬疑
            
          制片国家/地区: 日本
            
          年份: 2014
    ","
        彼得的葬礼 ペテロの葬列
      ",,http://movie.douban.com/subject/25887305/,,
7.9,"
      
          导演: 木下高男 / 岩田和行 / 平井秀树
            
          主演: 上户彩 / 堀北真希 / 山田优
            
          类型: 剧情
            
          制片国家/地区: 日本
            
          年份: 2006
    ","
        折翼的天使们 翼の折れた天使たち
      ",,http://movie.douban.com/subject/1763994/,,
8.4,"
      
          导演: 石桥冠 / 鹤桥康夫 / 山室大辅 
            
          主演: 田村正和 / 松隆子 / 役所广司
            
          类型: 剧情
            
          制片国家/地区: 日本
            
          年份: 2014
    ","
        父亲的背影 おやじの背中
      ",,http://movie.douban.com/subject/25892818/,,
7.9,"
      
          导演: 金子文纪
            
          主演: 小雪 / 松本润 / 瑛太
            
          类型: 爱情
            
          制片国家/地区: 日本
            
          年份: 2003
    ","
        宠物情人 きみはペット
      ",,http://movie.douban.com/subject/1755390/,,
7.9,"
      
          导演: 宫藤官九郎 / 吉田健 / 土井裕泰
            
          主演: 长濑智也 / 生田斗真 / 中岛美嘉
            
          类型: 喜剧
            
          制片国家/地区: 日本
            
          年份: 2010
    ","
        自恋刑警 うぬぼれ刑事
      ",,http://movie.douban.com/subject/4862211/,,
8.8,"
      
          导演: 久保田哲史 / 谷村政樹
            
          主演: 速水重道 / 香椎由宇 / 平冈佑太
            
          类型: 剧情
            
          制片国家/地区: 日本
            
          年份: 2007
    ","
        东京塔 東京タワー オカンとボクと、時々、オトン
      ",,http://movie.douban.com/subject/2032902/,,
9.2,"
      
          导演: 细野英延 / 古贺伦明 / 大谷太郎
            
          主演: 竹野内丰 / 山崎努 / 木村佳乃
            
          类型: 剧情
            
          制片国家/地区: 日本
            
          年份: 1998
    ","
        世纪末之诗 世紀末の詩
      ",,http://movie.douban.com/subject/1760084/,,
7.5,"
      
          导演: 波多野貴文 / 木村ひさし / 坪井敏雄
            
          主演: 木村拓哉 / 柴崎幸 / 大岛优子
            
          类型: 爱情 / 科幻
            
          制片国家/地区: 日本
            
          年份: 2013
    ","
        安堂机器人 安堂ロイド～A.I. knows LOVE？～
      ",,http://movie.douban.com/subject/25696972/,,
9.0,"
      
          导演: 平川雄一朗
            
          主演: 内野聖陽 / 佐藤健 / 吹石一恵
            
          类型: 剧情
            
          制片国家/地区: 日本
            
          年份: 2013
    ","
        鸢 とんび
      ",,http://movie.douban.com/subject/20366095/,,
8.4,"
      
          导演: 土井裕泰 / 福泽克雄 / 平野俊一 
            
          主演: 木村拓哉 / 堤真一 / 柴崎幸
            
          类型: 剧情
            
          制片国家/地区: 日本
            
          年份: 2003
    ","
        空中情缘 Good luck!!
      ",,http://movie.douban.com/subject/1471438/,,
8.3,"
      
          导演: 犬童一心
            
          主演: 宫泽理惠 / 长塚圭史 / 黑木华
            
          制片国家/地区: 日本
            
          年份: 2014
    ","
        咕咕是一只猫 グーグーだって猫である
      ",,http://movie.douban.com/subject/25865482/,,
8.9,"
      
          导演: 大根仁
            
          主演: 瑛太 / 松田龙平 / 三浦诚己
            
          类型: 剧情
            
          制片国家/地区: 日本
            
          年份: 2013
    ","
        真幌站前番外地 まほろ駅前番外地
      ",,http://movie.douban.com/subject/10553029/,,
7.9,"
      
          导演: 福田雄一
            
          主演: 北山宏光 / 佐藤二朗 / 戸次重幸
            
          类型: 剧情 / 喜剧
            
          制片国家/地区: 日本
            
          年份: 2013
    ","
        审判长！肚子饿了！ 裁判長っ！おなか空きました！
      ",,http://movie.douban.com/subject/25725758/,,
8.3,"
      
          导演: 田村直己 / 松田秀知
            
          主演: 米仓凉子 / 田中圭 / 内田有纪
            
          类型: 剧情
            
          制片国家/地区: 日本
            
          年份: 2012
    ","
        X医生：外科医生大门未知子 ドクターX 外科医・大門未知子
      ",,http://movie.douban.com/subject/11612463/,,
7.8,"
      
          导演: 渡邊良雄 / 末永創
            
          主演: 井上真央 / 大泽隆夫 / 伊势谷友介
            
          类型: 剧情
            
          制片国家/地区: 日本
            
          年份: 2015
    ","
        花燃 花燃ゆ
      ",,http://movie.douban.com/subject/25784272/,,
8.1,"
      
          导演: 石川纯一 / 植田泰史 / 小山田雅和
            
          主演: 细田义彦 / 酒井彩名 / 渡边一计
            
          类型: 悬疑
            
          制片国家/地区: 日本
            
          年份: 2007
    ","
        百鬼夜行抄
      ",,http://movie.douban.com/subject/2147619/,,
8.5,"
      
          导演: 平川雄一朗
            
          主演: 佐藤健 / 黑木华 / 小林薰
            
          类型: 剧情
            
          制片国家/地区: 日本
            
          年份: 2015
    ","
        天皇的御厨 天皇の料理番
      ",,http://movie.douban.com/subject/26277318/,,
8.3,"
      
          导演: 土方政人
            
          主演: 中谷美纪 / 水川麻美 / 三浦翔平
            
          类型: 剧情 / 悬疑
            
          制片国家/地区: 日本
            
          年份: 2015
    ","
        代笔作家 ゴーストライター
      ",,http://movie.douban.com/subject/26273478/,,
7.7,"
      
          导演: 菅原伸太郎 / 池田健司
            
          主演: 二宫和也 / 麻生久美子 / 福士苍汰
            
          类型: 剧情 / 喜剧 / 运动
            
          制片国家/地区: 日本
            
          年份: 2014
    ","
        即便弱小也能获胜 弱くても勝てます～青志先生とへっぽこ高校球児の野望～
      ",,http://movie.douban.com/subject/25818801/,,
7.9,"
      
          导演: 武内英树 / 田岛大辅 / 岩本仁志 / 西浦匡规
            
          主演: 金城武 / 深田恭子 / 仲间由纪惠
            
          类型: 爱情
            
          制片国家/地区: 日本
            
          年份: 1998
    ","
        神，再多给点时间 神様、もう少しだけ
      ",,http://movie.douban.com/subject/1464829/,,
8.6,"
      
          导演: 三木孝浩
            
          主演: 松下奈绪 / 古田新太 / 田中哲司
            
          类型: 剧情
            
          制片国家/地区: 日本
            
          年份: 2015
    ","
        暗之伴走者 闇の伴走者
      ",,http://movie.douban.com/subject/26309935/,,
8.5,"
      
          导演: 水田成英  / 叶山浩树 / 星野和成
            
          主演: 坂口宪二 / 内田有纪 / 小池彻平
            
          类型: 剧情
            
          制片国家/地区: 日本
            
          年份: 2007
    ","
        医龙2 医龍2 ～Team Medical Dragon～
      ",,http://movie.douban.com/subject/2270422/,,
8.4,"
      
          导演: 三木聪
            
          主演: 小田切让 / 栗山千明 / 松重丰
            
          类型: 喜剧 / 悬疑
            
          制片国家/地区: 日本
            
          年份: 2010
    ","
        热海的搜查官 熱海の捜査官
      ",,http://movie.douban.com/subject/5153024/,,
9.1,"
      
          导演: 并木道子
            
          主演: 瑛太 / 尾野真千子 / 真木阳子
            
          类型: 剧情 / 喜剧 / 爱情
            
          制片国家/地区: 日本
            
          年份: 2014
    ","
        最完美的离婚 2014特别篇 最高の離婚Special 2014
      ",,http://movie.douban.com/subject/25790749/,,
7.9,"
      
          导演: 井上刚
            
          主演: 皮埃尔泷 / 木村佳乃 / 新井浩文
            
          类型: 悬疑
            
          制片国家/地区: 日本
            
          年份: 2015
    ","
        64
      ",,http://movie.douban.com/subject/26258795/,,
8.9,"
      
          导演: 堤幸彦 / 佐藤东弥 / 櫨山裕子 / 金田和樹
            
          主演: 堂本刚 / 友坂理惠 / 古尾谷雅人
            
          类型: 剧情 / 悬疑 / 冒险
            
          制片国家/地区: 日本
            
          年份: 1995
    ","
        金田一少年事件簿1 金田一少年の事件簿 第1シリーズ
      ",,http://movie.douban.com/subject/2276934/,,
9.2,"
      
          导演: 吉田健 / 加藤浩丈 / 金子与志一
            
          主演: 石田壹成 / 香取慎吾 / 反町隆史
            
          类型: 剧情
            
          制片国家/地区: 日本
            
          年份: 1995
    ","
        未成年
      ",,http://movie.douban.com/subject/1966951/,,
8.0,"
      
          导演: 宫本理江子 / 石井祐介 / 並木道子
            
          主演: 竹野内丰 / 上户彩 / 松田翔太
            
          类型: 剧情 / 爱情
            
          制片国家/地区: 日本
            
          年份: 2010
    ","
        流星 流れ星
      ",,http://movie.douban.com/subject/5247055/,,
8.9,"
      
          导演: 木村ひさし / 本橋圭太
            
          主演: 远藤宪一 / 菅田将晖 / 本仮屋唯佳
            
          类型: 剧情
            
          制片国家/地区: 日本
            
          年份: 2015
    ","
        民王
      ",,http://movie.douban.com/subject/26387719/,,
8.3,"
      
          导演: 西谷弘
            
          主演: 松岛菜菜子 / 福山雅治 / 渡边一计
            
          类型: 剧情
            
          制片国家/地区: 日本
            
          年份: 2003
    ","
        美女或野兽 美女か野獣
      ",,http://movie.douban.com/subject/2033317/,,
8.1,"
      
          导演: 大塚恭司 / 长沼诚 / 吉野洋
            
          主演: 中山美穗 / 堂本刚 / 小泉孝太郎
            
          制片国家/地区: 日本
            
          年份: 2014
    ","
        柏拉图式 プラトニック
      ",,http://movie.douban.com/subject/25861602/,,
7.7,"
      
          导演: 杉田成道 / 中江功 / 并木道子
            
          主演: 妻夫木聪 / 瑛太 / 满岛光
            
          类型: 剧情
            
          制片国家/地区: 日本
            
          年份: 2014
    ","
        年轻人们2014 若者たち2014
      ",,http://movie.douban.com/subject/25843132/,,
8.2,"
      
          导演: 仁木啓介 / 冈部绅二
            
          主演: 木下亚由美 / 寺岛进 / 竹财辉之助 Terunosuke Takezai
            
          制片国家/地区: 日本
            
          年份: 2006
    ","
        怨屋本铺 怨み屋本舗
      ",,http://movie.douban.com/subject/2274891/,,
7.5,"
      
          导演: 星護 / 高丸雅隆
            
          主演: 西内玛利亚 / 山本裕典 / 特林德尔·玲奈
            
          类型: 剧情 / 喜剧
            
          制片国家/地区: 日本
            
          年份: 2013
    ","
        山田君与7个魔女 山田くんと7人の魔女
      ",,http://movie.douban.com/subject/24752302/,,
8.6,"
      
          导演: 溝口憲司
            
          主演: 松重豊 / 小松政夫 / りりィ
            
          制片国家/地区: 日本
            
          年份: 2014
    ","
        孤独的美食家 第四季 盛夏的博多・出差SP 孤独のグルメSeason4 真夏の博多・出張スペシャル
      ",,http://movie.douban.com/subject/25947426/,,
7.6,"
      
          导演: 西坂瑞城
            
          主演: 福山雅治 / 北村一辉 / 长泽雅美
            
          类型: 剧情 / 悬疑 / 犯罪
            
          制片国家/地区: 日本
            
          年份: 2008
    ","
        伽利略特别篇 ガリレオΦ
      ",,http://movie.douban.com/subject/3218596/,,
8.8,"
      
          导演: 木村隆文 / 勝田夏子 / 大原拓 / 西村武五郎 / 桑野智宏 / 長谷知記 / 鈴木航
            
          主演: 堀北真希 / 松坂桃李 / 高橋克実
            
          类型: 剧情 / 传记
            
          制片国家/地区: 日本
            
          年份: 2012
    ","
        小梅医生 梅ちゃん先生
      ",,http://movie.douban.com/subject/6601360/,,
8.1,"
      
          导演: 福泽克雄
            
          主演: 木村拓哉 / 堺雅人 / 香川照之
            
          类型: 剧情
            
          制片国家/地区: 日本
            
          年份: 2011
    ","
        南极大陆 南極大陸
      ",,http://movie.douban.com/subject/5941682/,,
7.3,"
      
          导演: 工藤里纱 
            
          主演: 坛蜜 / 川村阳介 / 忍成修吾
            
          类型: 情色
            
          制片国家/地区: 日本
            
          年份: 2014
    ","
        Around 30 无修正 アラサーちゃん 無修正
      ",,http://movie.douban.com/subject/25885376/,,
8.1,"
      
          导演: 石川淳一
            
          主演: 堺雅人 / 新垣结衣 / 生濑胜久
            
          类型: 剧情 / 悬疑
            
          制片国家/地区: 日本
            
          年份: 2014
    ","
        胜者即是正义 2014SP リーガルハイ・スペシャル
      ",,http://movie.douban.com/subject/26020814/,,
8.5,"
      
          导演: 清水一彦 / 川野秀昭
            
          主演: 菅田将晖 / 本乡奏多 / 泉泽祐希
            
          制片国家/地区: 日本
            
          年份: 2015
    ","
        想吃杂烩面 ちゃんぽん食べたか
      ",,http://movie.douban.com/subject/26351400/,,
7.6,"
      
          导演: 松山博昭
            
          主演: 小栗旬 / 柴崎幸 / 向井理
            
          类型: 剧情 / 奇幻
            
          制片国家/地区: 日本
            
          年份: 2014
    ","
        信长协奏曲 信長協奏曲
      ",,http://movie.douban.com/subject/25881537/,,
9.1,"
      
          导演: 宫本理江子
            
          主演: 小泉今日子 / 中井贵一 / 坂口宪二
            
          类型: 剧情 / 喜剧 / 爱情
            
          制片国家/地区: 日本
            
          年份: 2012
    ","
        倒数第二次恋爱 2012秋SP 最後から二番目の恋 2012秋
      ",,http://movie.douban.com/subject/19955789/,,
9.0,"
      
          导演: 溝口憲司 / 井川尊史 / 宝来忠昭
            
          主演: 松重丰
            
          类型: 剧情
            
          制片国家/地区: 日本
            
          年份: 2013
    ","
        孤独的美食家 第三季 孤独のグルメ Season3
      ",,http://movie.douban.com/subject/24700696/,,
8.7,"
      
          导演: 堤幸彦
            
          主演: 仲间由纪惠 / 阿部宽 / 生濑胜久
            
          类型: 喜剧 / 恐怖 / 悬疑
            
          制片国家/地区: 日本
            
          年份: 2002
    ","
        圈套2 トリック2
      ",,http://movie.douban.com/subject/1465687/,,
8.3,"
      
          导演: 柳川強 / 松浦善之助 / 安達もじり
            
          主演: 吉高由里子 / 伊原刚志 / 室井滋
            
          类型: 剧情 / 传记 / 历史 / 古装
            
          制片国家/地区: 日本
            
          年份: 2014
    ","
        花子与安妮 花子とアン
      ",,http://movie.douban.com/subject/24839092/,,
7.7,"
      
          导演: 狩山俊輔
            
          主演: 佐藤健 / 前田敦子 / 莲佛美沙子
            
          类型: 爱情 / 科幻
            
          制片国家/地区: 日本
            
          年份: 2010
    ","
        Q10
      ",,http://movie.douban.com/subject/4944034/,,
7.4,"
      
          导演: 福田雄一 / 成田岳
            
          主演: 堂本刚 / 水川麻美 / 高桥克实
            
          类型: 剧情
            
          制片国家/地区: 日本
            
          年份: 2008
    ","
        33分钟侦探 33分探偵
      ",,http://movie.douban.com/subject/3196667/,,
9.0,"
      
          导演: 柴田岳志 / Takashi Isshiki
            
          主演: 本木雅弘 / 阿部宽 / 菅野美穗
            
          类型: 剧情
            
          制片国家/地区: 日本
            
          年份: 2009
    ","
        坂上之云 第一部 坂の上の雲 第1部
      ",,http://movie.douban.com/subject/2049761/,,
7.6,"
      
          导演: 土方政人 / 都築淳一 / 石川淳一
            
          主演: 堺雅人 / 锦户亮 / 杏
            
          类型: 剧情
            
          制片国家/地区: 日本
            
          年份: 2010
    ","
        不被原谅的搜查官 ジョーカー 許されざる捜査官
      ",,http://movie.douban.com/subject/4861542/,,
8.8,"
      
          导演: 宫本理江子
            
          主演: 中井贵一 / 黑木明纱 / 奥田瑛二
            
          类型: 剧情
            
          制片国家/地区: 日本
            
          年份: 2008
    ","
        风之庭院 風のガーデン
      ",,http://movie.douban.com/subject/3259423/,,
8.9,"
      
          导演: 本广克行 / 泽田镰作
            
          主演: 织田裕二 / 柳叶敏郎 / 深津绘里
            
          类型: 剧情 / 喜剧
            
          制片国家/地区: 日本
            
          年份: 1997
    ","
        跳跃大搜查线 踊る大捜査線
      ",,http://movie.douban.com/subject/1984851/,,
7.7,"
      
          导演: 三宅喜重 / 木內健人 / 白木啟一郎
            
          主演: 江口洋介 / 稻垣吾郎 / 北大路欣也
            
          类型: 剧情 / 悬疑
            
          制片国家/地区: 日本
            
          年份: 2009
    ","
        三角迷踪 Triangle～トライアングル
      ",,http://movie.douban.com/subject/3439455/,,
7.7,"
      
          导演: 水田伸生
            
          主演: 堺雅人 / 苍井优 / 吉濑美智子
            
          类型: 剧情
            
          制片国家/地区: 日本
            
          年份: 2015
    ","
        Dr.伦太郎 Dr.倫太郎
      ",,http://movie.douban.com/subject/26314383/,,
9.1,"
      
          导演: 金子文纪 / 片山修 / 坪井敏雄
            
          主演: 长濑智也 / 冈田准一 / 伊东美咲
            
          类型: 剧情 / 喜剧
            
          制片国家/地区: 日本
            
          年份: 2005
    ","
        虎与龙SP タイガー＆ドラゴンSP 「三枚起請の回」
      ",,http://movie.douban.com/subject/3118848/,,
8.8,"
      
          导演: 福田雄一
            
          主演: 山田孝之 / 木南晴夏 / 室毅
            
          类型: 剧情
            
          制片国家/地区: 日本
            
          年份: 2011
    ","
        勇者义彦与魔王城 勇者ヨシヒコと魔王の城
      ",,http://movie.douban.com/subject/6402151/,,
7.6,"
      
          导演: 七高剛 / 田村直己
            
          主演: 木村拓哉 / 上户彩 / 水野美纪
            
          类型: 剧情 / 悬疑
            
          制片国家/地区: 日本
            
          年份: 2015
    ","
        I'm Home アイムホーム
      ",,http://movie.douban.com/subject/26309938/,,
7.8,"
      
          导演: 坪井敏雄 / 山本剛義 / 伊藤雄介
            
          主演: 松雪泰子 / 伊藤淳史 / 北山宏光
            
          类型: 剧情 / 悬疑 / 家庭
            
          制片国家/地区: 日本
            
          年份: 2014
    ","
        家族狩猎 家族狩り
      ",,http://movie.douban.com/subject/25880993/,,
8.8,"
      
          导演: 是枝裕和
            
          主演: 阿部宽 / 山口智子 / 宫崎葵
            
          类型: 剧情
            
          制片国家/地区: 日本
            
          年份: 2012
    ","
        回我的家 ゴーイング マイ ホーム
      ",,http://movie.douban.com/subject/10777710/,,
7.9,"
      
          导演: 吉田健 / 酒井聖博 / 松田礼人
            
          主演: 山下智久 / 栗山千明 / 洼田正孝
            
          类型: 爱情 / 科幻
            
          制片国家/地区: 日本
            
          年份: 2015
    ","
        献给阿尔吉侬的花束 アルジャーノンに花束を
      ",,http://movie.douban.com/subject/26322632/,,
8.5,"
      
          导演: 水田成英  / 川村泰祐 / 松山博昭
            
          主演: 米姆拉 / 小田切让 / 松雪泰子
            
          类型: 剧情
            
          制片国家/地区: 日本
            
          年份: 2003
    ","
        司法研习八人组 ビギナー
      ",,http://movie.douban.com/subject/2295864/,,
8.7,"
      
          导演: 中江功 / 泽田镰作
            
          主演: 木村拓哉 / 竹内结子 / 坂口宪二
            
          类型: 剧情 / 运动
            
          制片国家/地区: 日本
            
          年份: 2004
    ","
        冰上恋人 プライド
      ",,http://movie.douban.com/subject/1482286/,,
7.6,"
      
          导演: 中江功
            
          主演: 相叶雅纪 / 泽尻英龙华 / 有村架纯
            
          类型: 剧情
            
          制片国家/地区: 日本
            
          年份: 2015
    ","
        欢迎来我家 ようこそ、わが家へ
      ",,http://movie.douban.com/subject/26317175/,,
8.0,"
      
          导演: 土井裕泰 / 山室大辅  / 福田亮介
            
          主演: 新垣结衣 / 绫野刚 / 水野美纪
            
          类型: 剧情 / 喜剧
            
          制片国家/地区: 日本
            
          年份: 2013
    ","
        飞翔情报室 空飛ぶ広報室
      ",,http://movie.douban.com/subject/21353042/,,
8.8,"
      
          导演: 松冈锭司 / 山下敦弘 / 熊切和嘉 / 野本史生 
            
          主演: 小林薰 / 绫田俊树 / 不破万作
            
          类型: 剧情
            
          制片国家/地区: 日本
            
          年份: 2014
    ","
        深夜食堂3
      ",,http://movie.douban.com/subject/25958786/,,
7.7,"
      
          导演: 渡边孝好 / 山内宗信 / 金澤友也
            
          主演: 铃木京香 / 高桥一生 / 品川彻
            
          制片国家/地区: 日本
            
          年份: 2015
    ","
        所以去荒野 だから荒野
      ",,http://movie.douban.com/subject/25958427/,,
8.8,"
      
          导演: 土井裕泰 / 片山修 / 坪井敏雄 
            
          主演: 松冈昌宏 / 小泉今日子 / 及川光博
            
          类型: 喜剧
            
          制片国家/地区: 日本
            
          年份: 2003
    ","
        曼哈顿爱情故事 マンハッタンラブストーリー
      ",,http://movie.douban.com/subject/1480841/,,
7.6,"
      
          导演: 佐藤东弥 / 佐久间纪佳
            
          主演: 志田未来 / 田中美佐子 / 山口纱弥加
            
          类型: 剧情
            
          制片国家/地区: 日本
            
          年份: 2006
    ","
        14岁的母亲 14才の母 愛するために 生まれてきた
      ",,http://movie.douban.com/subject/2017805/,,
7.8,"
      
          导演: 平山秀幸
            
          主演: 夏帆 / 高桥一生 / 村上淳
            
          类型: 悬疑
            
          制片国家/地区: 日本
            
          年份: 2012
    ","
        银线草 ヒトリシズカ
      ",,http://movie.douban.com/subject/10827181/,,
8.4,"
      
          导演: 松原浩 / 远藤环 / 平野俊一 
            
          主演: 堂本刚 / 广末凉子 / 今井翼
            
          类型: 剧情 / 爱情
            
          制片国家/地区: 日本
            
          年份: 2000
    ","
        夏之雪 Summer Snow
      ",,http://movie.douban.com/subject/1481065/,,
9.0,"
      
          导演: 宫本理江子 / 西浦正记 
            
          主演: 二宫和也 / 高岛礼子 / 横山裕
            
          类型: 剧情 / 家庭
            
          制片国家/地区: 日本
            
          年份: 2007
    ","
        敬启，父亲大人 拝啓、父上樣
      ",,http://movie.douban.com/subject/1959063/,,
8.6,"
      
          导演: 田村直己 / 松田秀知
            
          主演: 米仓凉子 / 藤木直人 / 内田有纪
            
          类型: 剧情
            
          制片国家/地区: 日本
            
          年份: 2013
    ","
        X医生：外科医生大门未知子 第二季 ドクターX 外科医・大門未知子 第2期
      ",,http://movie.douban.com/subject/25704580/,,
8.9,"
      
          导演: 田中健二 / 末永創 / 安達もじり / 小島史敬
            
          主演: 尾野真千子 / 麻生祐未 / 正司照枝
            
          类型: 传记
            
          制片国家/地区: 日本
            
          年份: 2011
    ","
        康乃馨 カーネーション
      ",,http://movie.douban.com/subject/6539388/,,
8.6,"
      
          导演: 中江功 / 永山耕三
            
          主演: 江口洋介 / 福山雅治 / 石田壹成
            
          类型: 剧情 / 爱情
            
          制片国家/地区: 日本
            
          年份: 1993
    ","
        同一屋檐下 ひとつ屋根の下
      ",,http://movie.douban.com/subject/1465790/,,
9.6,"
      
          导演: 富永卓二 / 杉田成道 / 山田良明
            
          主演: 田中邦卫 / 中岛朋子 / 岩城滉一
            
          类型: 剧情
            
          制片国家/地区: 日本
            
          年份: 1981
    ","
        北国之恋 北の国から
      ",,http://movie.douban.com/subject/1959154/,,
8.0,"
      
          导演: 藤田明二
            
          主演: 竹野内丰 / 常盘贵子 / 反町隆史
            
          类型: 剧情 / 传记 / 历史 / 古装
            
          制片国家/地区: 日本
            
          年份: 2003
    ","
        流转的王妃，最后的皇弟 流転の王妃・最後の皇弟
      ",,http://movie.douban.com/subject/1461812/,,
7.9,"
      
          导演: 水田成英 
            
          主演: 竹内结子 / 江口洋介 / 妻夫木聪
            
          类型: 喜剧 / 爱情
            
          制片国家/地区: 日本
            
          年份: 2002
    ","
        午餐女王 ランチの女王
      ",,http://movie.douban.com/subject/1480881/,,
8.1,"
      
          导演: 光野道夫 / 宫本理江子 / 林彻
            
          主演: 浅野温子 / 武田铁矢 / 江口洋介
            
          类型: 剧情 / 爱情
            
          制片国家/地区: 日本
            
          年份: 1991
    ","
        101次求婚 101回目のプロポーズ
      ",,http://movie.douban.com/subject/1465300/,,
8.3,"
      
          导演: 水田成英 
            
          主演: 杏 / 尾野真千子 / 仓科加奈
            
          类型: 剧情
            
          制片国家/地区: 日本
            
          年份: 2011
    ","
        丧失名字的女神 名前をなくした女神
      ",,http://movie.douban.com/subject/6005599/,,
9.0,"
      
          导演: 金子文纪 / 片山修 / 宫藤官九郎
            
          主演: 冈田准一 / 樱井翔 / 冈田义德
            
          类型: 喜剧 / 剧情
            
          制片国家/地区: 日本
            
          年份: 2002
    ","
        木更津猫眼 木更津キャッツアイ
      ",,http://movie.douban.com/subject/1465676/,,
8.3,"
      
          导演: 中江功 / 平野真
            
          主演: 木村拓哉 / 深津绘里 / 柴崎幸
            
          类型: 剧情 / 爱情 / 悬疑
            
          制片国家/地区: 日本
            
          年份: 2002
    ","
        从天而降的一亿颗星星 空から降る一億の星
      ",,http://movie.douban.com/subject/1466387/,,
7.9,"
      
          导演: 若松节朗 / 平野真
            
          主演: 松岛菜菜子 / 堤真一 / 矢田亚希子
            
          类型: 喜剧 / 剧情 / 爱情
            
          制片国家/地区: 日本
            
          年份: 2000
    ","
        大和抚子 やまとなでしこ
      ",,http://movie.douban.com/subject/1483813/,,
8.9,"
      
          导演: 三宅喜重 / 小松隆志 / 植田尚
            
          主演: 阿部宽 / 夏川结衣 / 国仲凉子
            
          类型: 喜剧
            
          制片国家/地区: 日本
            
          年份: 2006
    ","
        不能结婚的男人 結婚できない男
      ",,http://movie.douban.com/subject/2160933/,,
7.7,"
      
          导演: 永山耕三 / 西浦正记 
            
          主演: 山下智久 / 北川景子 / 相武纱季
            
          类型: 剧情
            
          制片国家/地区: 日本
            
          年份: 2009
    ","
        零秒出手：悬崖上的英雄 ブザー・ビート〜崖っぷちのヒーロー〜
      ",,http://movie.douban.com/subject/3737098/,,
8.0,"
      
          导演: 吉野洋
            
          主演: 筱原凉子 / 赤西仁 / 友坂理惠
            
          类型: 剧情
            
          制片国家/地区: 日本
            
          年份: 2005
    ","
        大姐头 anego
      ",,http://movie.douban.com/subject/1432676/,,
8.2,"
      
          导演: 光野道夫 / 石井祐介
            
          主演: 天海祐希 / 竹野内丰 / 户田惠梨香
            
          类型: 剧情
            
          制片国家/地区: 日本
            
          年份: 2011
    ","
        老大2 BOSS 2
      ",,http://movie.douban.com/subject/5951228/,,
8.3,"
      
          导演: 松山博昭 / 大木綾子 / 长濑国博
            
          主演: 户田惠梨香 / 松田翔太 / 吉濑美智子
            
          类型: 犯罪 / 悬疑
            
          制片国家/地区: 日本
            
          年份: 2009
    ","
        诈欺游戏2 ライアーゲーム2
      ",,http://movie.douban.com/subject/3685955/,,
8.7,"
      
          导演: 武内英树 / 石川淳一
            
          主演: 杏 / 长谷川博己 / 国仲凉子
            
          类型: 剧情 / 喜剧
            
          制片国家/地区: 日本
            
          年份: 2015
    ","
        约会 ～恋爱究竟是什么呢～ デート 〜恋とはどんなものかしら〜
      ",,http://movie.douban.com/subject/26271868/,,
7.8,"
      
          导演: 松山博昭 / 加藤裕将 / 石井祐介
            
          主演: 大野智 / 户田惠梨香 / 佐藤浩市
            
          类型: 喜剧 / 悬疑
            
          制片国家/地区: 日本
            
          年份: 2012
    ","
        上锁的房间 鍵のかかった部屋
      ",,http://movie.douban.com/subject/10521668/,,
8.2,"
      
          导演: 石井康晴
            
          主演: 生田斗真 / 小栗旬 / 上野树里
            
          类型: 剧情
            
          制片国家/地区: 日本
            
          年份: 2015
    ","
        无间双龙：这份爱，才是正义 ウロボロス～この愛こそ、正義。
      ",,http://movie.douban.com/subject/25953663/,,
8.6,"
      
          导演: 堤幸彦
            
          主演: 仲间由纪惠 / 阿部宽 / 生濑胜久
            
          类型: 喜剧 / 剧情 / 悬疑
            
          制片国家/地区: 日本
            
          年份: 2000
    ","
        圈套 トリック
      ",,http://movie.douban.com/subject/1465679/,,
8.7,"
      
          导演: 和泉聖治
            
          主演: 水谷丰
            
          制片国家/地区: 日本
            
          年份: 2000
    ","
        相棒 相棒・警視庁ふたりだけの特命係
      ",,http://movie.douban.com/subject/3278774/,,
8.7,"
      
          导演: 铃木雅之
            
          主演: 木村拓哉 / 松隆子 / 三浦友和
            
          类型: 剧情 / 悬疑
            
          制片国家/地区: 日本
            
          年份: 2001
    ","
        律政英雄 HERO
      ",,http://movie.douban.com/subject/1441060/,,
8.6,"
      
          导演: 中江功 / 西坂瑞城
            
          主演: 香取慎吾 / 竹内结子 / 八木优希
            
          类型: 剧情 / 爱情
            
          制片国家/地区: 日本
            
          年份: 2008
    ","
        没有玫瑰的花店 薔薇のない花屋
      ",,http://movie.douban.com/subject/2377585/,,
7.9,"
      
          导演: 东康之
            
          主演: 天海祐希 / 长泽雅美 / 反町隆史
            
          类型: 剧情
            
          制片国家/地区: 日本
            
          年份: 2010
    ","
        金牌女王 GOLD
      ",,http://movie.douban.com/subject/4845429/,,
8.7,"
      
          导演: 木村达昭 / 永山耕三 / 二宫浩行
            
          主演: 木村拓哉 / 松隆子 / 内野圣阳
            
          类型: 爱情
            
          制片国家/地区: 日本
            
          年份: 1997
    ","
        恋爱世纪 ラブ ジェネレーション
      ",,http://movie.douban.com/subject/1438759/,,
8.3,"
      
          导演: 生野慈朗 / 土井裕泰
            
          主演: 木村拓哉 / 常盘贵子 / 水野美纪
            
          类型: 剧情 / 爱情
            
          制片国家/地区: 日本
            
          年份: 2000
    ","
        美丽人生 ビューティフルライフ
      ",,http://movie.douban.com/subject/1465021/,,
8.8,"
      
          导演: 佐藤祐市
            
          主演: 樱井翔 / 神木隆之介 / 铃木保奈美
            
          类型: 剧情
            
          制片国家/地区: 日本
            
          年份: 2013
    ","
        家族游戏 家族ゲーム
      ",,http://movie.douban.com/subject/21328704/,,
8.6,"
      
          导演: 片山修 / 唐木希浩
            
          主演: 神木隆之介 / 光浦靖子 / 加藤清史郎
            
          类型: 喜剧 / 家庭
            
          制片国家/地区: 日本
            
          年份: 2011
    ","
        还有第11人！ 11人もいる!
      ",,http://movie.douban.com/subject/6829650/,,
8.9,"
      
          导演: 久保田哲史 / 水田成英 
            
          主演: 坂口宪二 / 稻森泉 / 小池彻平
            
          类型: 剧情
            
          制片国家/地区: 日本
            
          年份: 2006
    ","
        医龙 医龍 ～Team Medical Dragon～
      ",,http://movie.douban.com/subject/2173108/,,
9.2,"
      
          导演: 佐藤东弥 / 吉野洋 / 佐久间纪佳
            
          主演: 小林聪美 / 友坂理惠 / 市川实日子
            
          类型: 剧情
            
          制片国家/地区: 日本
            
          年份: 2003
    ","
        西瓜 すいか
      ",,http://movie.douban.com/subject/1986021/,,
8.9,"
      
          导演: 吉田健 / 吉田秋生
            
          主演: 堂本刚 / 堂本光一 / 赤井英和
            
          类型: 剧情
            
          制片国家/地区: 日本
            
          年份: 1994
    ","
        人间失格：假如我死的话 人間・失格～たとえばぼくが死んだら
      ",,http://movie.douban.com/subject/1465081/,,
8.6,"
      
          导演: 堤幸彦
            
          主演: 户田惠梨香 / 加濑亮 / 浅野优子
            
          类型: 剧情 / 悬疑
            
          制片国家/地区: 日本
            
          年份: 2012
    ","
        SPEC：翔 SPEC〜翔〜
      ",,http://movie.douban.com/subject/6717574/,,
9.0,"
      
          导演: 田岛大辅 / 宫本理江子 / 西浦正记 
            
          主演: 寺尾聪 / 二宫和也 / 长泽雅美
            
          类型: 剧情 / 家庭
            
          制片国家/地区: 日本
            
          年份: 2005
    ","
        温柔时刻 優しい時間
      ",,http://movie.douban.com/subject/1903286/,,
8.6,"
      
          导演: 西浦正记  / 葉山浩樹
            
          主演: 山下智久 / 新垣结衣 / 户田惠梨香
            
          类型: 剧情
            
          制片国家/地区: 日本
            
          年份: 2010
    ","
        紧急救命2 コード・ブルー～ドクターヘリ緊急救命 2nd season
      ",,http://movie.douban.com/subject/4061061/,,
7.8,"
      
          导演: 猪股隆一 / 佐藤东弥 / 石尾純
            
          主演: 松岛菜菜子 / 长谷川博己 / 相武纱季
            
          类型: 剧情 / 家庭
            
          制片国家/地区: 日本
            
          年份: 2011
    ","
        家政妇三田 家政婦のミタ
      ",,http://movie.douban.com/subject/6788284/,,
8.3,"
      
          导演: 永山耕三 / 宫本理江子 / 并木道子
            
          主演: 瑛太 / 满岛光 / 风间俊介
            
          类型: 剧情 / 爱情
            
          制片国家/地区: 日本
            
          年份: 2011
    ","
        尽管如此 也要活下去 それでも、生きてゆく
      ",,http://movie.douban.com/subject/6389526/,,
8.0,"
      
          导演: 加藤新 / 片山刚 / 坪井敏雄 
            
          主演: 大野智 / 生田斗真 / 小林凉子
            
          类型: 剧情 / 悬疑 / 犯罪
            
          制片国家/地区: 日本
            
          年份: 2008
    ","
        魔王
      ",,http://movie.douban.com/subject/3196686/,,
7.9,"
      
          导演: 堤幸彦
            
          主演: 二宫和也 / 山下智久 / 成宫宽贵
            
          类型: 喜剧
            
          制片国家/地区: 日本
            
          年份: 2003
    ","
        日本派 Stand Up!!
      ",,http://movie.douban.com/subject/1460833/,,
8.8,"
      
          导演: 佐藤峰世
            
          主演: 宫崎葵 / 瑛太 / 堺雅人
            
          类型: 剧情
            
          制片国家/地区: 日本
            
          年份: 2008
    ","
        笃姬 篤姫
      ",,http://movie.douban.com/subject/2131161/,,
8.6,"
      
          导演: 生野慈朗 / 土井裕泰 / 今井夏木
            
          主演: 妻夫木聪 / 柴崎幸 / 成宫宽贵
            
          类型: 剧情
            
          制片国家/地区: 日本
            
          年份: 2004
    ","
        橙色岁月 オレンジデイズ
      ",,http://movie.douban.com/subject/1479458/,,
8.5,"
      
          导演: 石川淳一 / 植田泰史
            
          主演: 生田斗真 / 真木阳子 / 桐谷健太
            
          类型: 剧情
            
          制片国家/地区: 日本
            
          年份: 2012
    ","
        迟开的向日葵 遅咲きのヒマワリ〜ボクの人生、リニューアル〜
      ",,http://movie.douban.com/subject/11629291/,,
7.9,"
      
          导演: 山室大辅  / 平野俊一  / 石井康晴
            
          主演: 阿部宽 / 黑木明纱 / 向井理
            
          类型: 剧情
            
          制片国家/地区: 日本
            
          年份: 2010
    ","
        新参者
      ",,http://movie.douban.com/subject/4293234/,,
9.1,"
      
          导演: 河野圭太
            
          主演: 田村正和 / 西村雅彦 / 小林隆
            
          类型: 犯罪 / 喜剧 / 悬疑
            
          制片国家/地区: 日本
            
          年份: 1994
    ","
        绅士刑警1 警部補古畑任三郎 1st season
      ",,http://movie.douban.com/subject/1440971/,,
9.2,"
      
          导演: 松冈锭司 / 山下敦弘 / 及川拓郎
            
          主演: 小林薰 / 须藤理彩 / 田畑智子
            
          类型: 剧情
            
          制片国家/地区: 日本
            
          年份: 2009
    ","
        深夜食堂
      ",,http://movie.douban.com/subject/3991933/,,
8.3,"
      
          导演: 泽田镰作 / 平野真
            
          主演: 木村拓哉 / 深津绘里 / 阿部宽
            
          类型: 剧情
            
          制片国家/地区: 日本
            
          年份: 2008
    ","
        变革 CHANGE
      ",,http://movie.douban.com/subject/3130233/,,
9.4,"
      
          导演: 西谷弘 / 河野圭太 / 村上正典 / 岩田和行
            
          主演: 唐泽寿明 / 江口洋介 / 黑木瞳
            
          类型: 剧情
            
          制片国家/地区: 日本
            
          年份: 2003
    ","
        白色巨塔 白い巨塔
      ",,http://movie.douban.com/subject/2150220/,,
8.5,"
      
          导演: 塚本连平 / 唐木希浩 / 小松隆志
            
          主演: 阿部宽 / 长谷川京子 / 斋藤洋介
            
          类型: 剧情
            
          制片国家/地区: 日本
            
          年份: 2005
    ","
        龙樱 ドラゴン桜
      ",,http://movie.douban.com/subject/1915312/,,
7.6,"
      
          导演: 大塚恭司
            
          主演: 神木隆之介 / 志田未来 / 若叶克实
            
          类型: 悬疑
            
          制片国家/地区: 日本
            
          年份: 2007
    ","
        侦探学园Q 探偵学園Ｑ
      ",,http://movie.douban.com/subject/2142538/,,
9.2,"
      
          导演: 石川淳一 / 城宝秀则
            
          主演: 堺雅人 / 新垣结衣 / 生濑胜久
            
          类型: 喜剧
            
          制片国家/地区: 日本
            
          年份: 2012
    ","
        胜者即是正义 リーガル・ハイ
      ",,http://movie.douban.com/subject/10491666/,,
8.8,"
      
          导演: 河野圭太
            
          主演: 柴崎幸 / 佐藤浩市 / 松本润
            
          类型: 剧情 / 家庭
            
          制片国家/地区: 日本
            
          年份: 2010
    ","
        我家的历史 わが家の歴史
      ",,http://movie.douban.com/subject/4022142/,,
8.8,"
      
          导演: 堤幸彦 / 松原浩 / 今井夏木
            
          主演: 广末凉子 / 渡部笃郎 / 藤原龙也
            
          类型: 剧情
            
          制片国家/地区: 日本
            
          年份: 2002
    ","
        不需要爱的夏天 愛なんていらねえよ、夏
      ",,http://movie.douban.com/subject/1759770/,,
9.0,"
      
          导演: 永山耕三 / 铃木雅之 / 臼井裕词
            
          主演: 木村拓哉 / 山口智子 / 竹野内丰
            
          类型: 剧情 / 喜剧 / 爱情 / 家庭
            
          制片国家/地区: 日本
            
          年份: 1996
    ","
        悠长假期 ロングバケーション
      ",,http://movie.douban.com/subject/1436674/,,
8.3,"
      
          导演: 高成麻畝子 / 吉田健
            
          主演: 馆博 / 新垣结衣 / 加藤成亮
            
          类型: 剧情 / 喜剧 / 家庭
            
          制片国家/地区: 日本
            
          年份: 2007
    ","
        父女七日变 パパとムスメの7日間
      ",,http://movie.douban.com/subject/2142535/,,
9.3,"
      
          导演: 井上刚 / 吉田照幸 / 梶原登城 / 西村武五郎 / 桑野智宏
            
          主演: 能年玲奈 / 桥本爱 / 小泉今日子
            
          类型: 剧情 / 喜剧
            
          制片国家/地区: 日本
            
          年份: 2013
    ","
        海女 あまちゃん
      ",,http://movie.douban.com/subject/10581289/,,
8.4,"
      
          导演: 小林义则 / 高桥伸之 / 植田泰史
            
          主演: 筱原凉子 / 瑛太 / 阿部隆史
            
          类型: 悬疑
            
          制片国家/地区: 日本
            
          年份: 2006
    ","
        非关正义 アンフェア
      ",,http://movie.douban.com/subject/2173157/,,
8.6,"
      
          导演: 成田岳 / 加藤裕将
            
          主演: 山下智久 / 长泽雅美 / 藤木直人
            
          类型: 剧情 / 奇幻 / 爱情
            
          制片国家/地区: 日本
            
          年份: 2007
    ","
        求婚大作战 プロポーズ大作戦
      ",,http://movie.douban.com/subject/2018131/,,
8.7,"
      
          导演: 赤羽博 / 中岛悟
            
          主演: 反町隆史 / 松岛菜菜子 / 希良梨
            
          类型: 剧情 / 喜剧 / 动作
            
          制片国家/地区: 日本
            
          年份: 1998
    ","
        麻辣教师 GTO: Great Teacher Onizuka
      ",,http://movie.douban.com/subject/1464838/,,
8.1,"
      
          导演: 西谷弘 / 成田岳 / 西坂瑞城 / 泽田镰作
            
          主演: 福山雅治 / 柴崎幸 / 北村一辉
            
          类型: 剧情 / 悬疑
            
          制片国家/地区: 日本
            
          年份: 2007
    ","
        神探伽利略 ガリレオ
      ",,http://movie.douban.com/subject/2270390/,,
7.7,"
      
          导演: 本广克行
            
          主演: 泷泽秀明 / 椎名桔平 / 藤木直人
            
          类型: 剧情
            
          制片国家/地区: 日本
            
          年份: 2001
    ","
        西洋古董洋果子店 アンティーク 〜西洋骨董洋菓子店〜
      ",,http://movie.douban.com/subject/1471928/,,
8.6,"
      
          导演: 松本佳奈
            
          主演: 小林聪美 / 伽奈 / 罇真佐子
            
          类型: 剧情
            
          制片国家/地区: 日本
            
          年份: 2013
    ","
        面包和汤和猫咪好天气 パンとスープとネコ日和
      ",,http://movie.douban.com/subject/24321344/,,
7.6,"
      
          导演: 西坂瑞城 / 泽田镰作
            
          主演: 福山雅治 / 吉高由里子 / 澤部佑
            
          类型: 剧情 / 悬疑 / 犯罪
            
          制片国家/地区: 日本
            
          年份: 2013
    ","
        神探伽利略 第二季 ガリレオ 第2シーズン
      ",,http://movie.douban.com/subject/20268721/,,
8.4,"
      
          导演: 加藤裕将 / 西坂瑞城
            
          主演: 长泽雅美 / 上野树里 / 瑛太
            
          类型: 剧情
            
          制片国家/地区: 日本
            
          年份: 2008
    ","
        最后的朋友 ラスト・フレンズ
      ",,http://movie.douban.com/subject/3011225/,,
7.6,"
      
          导演: 片山修 / 植田尚
            
          主演: 武井咲 / 桐谷健太 / 松下由树
            
          类型: 剧情
            
          制片国家/地区: 日本
            
          年份: 2012
    ","
        W的悲剧 Wの悲劇
      ",,http://movie.douban.com/subject/10508896/,,
8.9,"
      
          导演: 宫本理江子 / 並木道子
            
          主演: 瑛太 / 尾野真千子 / 真木阳子
            
          类型: 剧情 / 喜剧 / 爱情
            
          制片国家/地区: 日本
            
          年份: 2013
    ","
        最完美的离婚 最高の離婚
      ",,http://movie.douban.com/subject/20416430/,,
8.2,"
      
          导演: 吉野洋 / 南云圣一 / 石尾純
            
          主演: 绫濑遥 / 藤木直人 / 板谷由夏
            
          类型: 剧情 / 喜剧 / 爱情
            
          制片国家/地区: 日本
            
          年份: 2010
    ","
        萤之光2 ホタルノヒカリ2
      ",,http://movie.douban.com/subject/4827531/,,
8.5,"
      
          导演: 吉野洋 / 南云圣一 / 茂山佳則
            
          主演: 绫濑遥 / 藤木直人 / 加藤和树
            
          类型: 喜剧 / 剧情
            
          制片国家/地区: 日本
            
          年份: 2007
    ","
        萤之光 ホタルノヒカリ
      ",,http://movie.douban.com/subject/2147129/,,
8.3,"
      
          导演: 高崎卓马 / 高须光圣 / 山下敦弘 / タナダユキ
            
          主演: 苍井优 / 加濑亮 / 西岛秀俊
            
          类型: 剧情
            
          制片国家/地区: 日本
            
          年份: 2008
    ","
        苍井优X4个谎言 蒼井優×4つの嘘
      ",,http://movie.douban.com/subject/3009055/,,
9.4,"
      
          导演: 永山耕三 / 本间欧彦
            
          主演: 铃木保奈美 / 织田裕二 / 江口洋介
            
          类型: 爱情
            
          制片国家/地区: 日本
            
          年份: 1991
    ","
        东京爱情故事 東京ラブストーリー
      ",,http://movie.douban.com/subject/1438760/,,
9.3,"
      
          导演: 水田伸生
            
          主演: 松雪泰子 / 芦田爱菜 / 山本耕史
            
          类型: 剧情
            
          制片国家/地区: 日本
            
          年份: 2010
    ","
        母亲 Mother
      ",,http://movie.douban.com/subject/4303624/,,
7.9,"
      
          导演: 松田秀知
            
          主演: 堀北真希 / 小栗旬 / 生田斗真
            
          类型: 剧情
            
          制片国家/地区: 日本
            
          年份: 2007
    ","
        偷偷爱着你 花ざかりの君たちへ：～イケメン♂パラダイス～
      ",,http://movie.douban.com/subject/2147121/,,
8.9,"
      
          导演: 溝口憲司 / 宝来忠昭
            
          主演: 松重豊 / 斉藤暁 / おぼんこぼん
            
          类型: 剧情 / 喜剧
            
          制片国家/地区: 日本
            
          年份: 2012
    ","
        孤独的美食家 第二季 孤独のグルメ Season2
      ",,http://movie.douban.com/subject/11636402/,,
8.3,"
      
          导演: 南云圣一 / 久保田充 
            
          主演: 苍井优 / 内博贵 / 向井理
            
          类型: 剧情 / 喜剧
            
          制片国家/地区: 日本
            
          年份: 2008
    ","
        料理仙姬 おせん
      ",,http://movie.douban.com/subject/3003093/,,
9.0,"
      
          导演: 山室大辅  / 金子文纪 / 福田亮介
            
          主演: 锦户亮 / 满岛光 / 永山绚斗
            
          类型: 剧情
            
          制片国家/地区: 日本
            
          年份: 2014
    ","
        对不起青春 ごめんね青春！
      ",,http://movie.douban.com/subject/25940269/,,
9.1,"
      
          导演: 石川淳一 / 城宝秀則 / 西坂瑞城
            
          主演: 堺雅人 / 新垣结衣 / 冈田将生
            
          类型: 喜剧 / 悬疑 / 犯罪
            
          制片国家/地区: 日本
            
          年份: 2013
    ","
        胜者即是正义2 リーガルハイ2
      ",,http://movie.douban.com/subject/23997724/,,
8.6,"
      
          导演: 西谷弘 / 高野舞 / 西坂瑞城
            
          主演: 上户彩 / 斋藤工 / 吉濑美智子
            
          类型: 剧情
            
          制片国家/地区: 日本
            
          年份: 2014
    ","
        昼颜：工作日下午3点的恋人们 昼顔～平日午後3時の恋人たち～
      ",,http://movie.douban.com/subject/25897313/,,
8.3,"
      
          导演: 水田成英
            
          主演: 常盘贵子 / 洼冢洋介 / 山下智久
            
          类型: 爱情
            
          制片国家/地区: 日本
            
          年份: 2002
    ","
        漂流教室 ロング・ラブレター〜漂流教室〜
      ",,http://movie.douban.com/subject/1465088/,,
9.3,"
      
          导演: 平川雄一朗 / 山室大辅  / 那須田淳
            
          主演: 大泽隆夫 / 绫濑遥 / 中谷美纪
            
          类型: 剧情
            
          制片国家/地区: 日本
            
          年份: 2011
    ","
        仁医 完结篇 JIN-仁2
      ",,http://movie.douban.com/subject/4881202/,,
8.6,"
      
          导演: 堤幸彦 / 金子文纪 / 伊佐野英樹
            
          主演: 长濑智也 / 加藤爱 / 洼冢洋介
            
          类型: 剧情 / 动作
            
          制片国家/地区: 日本
            
          年份: 2000
    ","
        池袋西口公园 池袋ウエストゲートパーク
      ",,http://movie.douban.com/subject/1465284/,,
8.7,"
      
          导演: 福泽克雄 / 山室大辅 
            
          主演: 木村拓哉 / 北大路欣也 / 山本耕史
            
          类型: 剧情
            
          制片国家/地区: 日本
            
          年份: 2007
    ","
        华丽一族 華麗なる一族
      ",,http://movie.douban.com/subject/2074564/,,
7.6,"
      
          导演: 铃木雅之 / 平野真
            
          主演: 木村拓哉 / 中井贵一 / 香里奈
            
          类型: 喜剧
            
          制片国家/地区: 日本
            
          年份: 2012
    ","
        PRICELESS：有才怪，这样的东西！ PRICELESS あるわけねえだろ、んなもん
      ",,http://movie.douban.com/subject/11600137/,,
9.0,"
      
          导演: 宫本理江子 / 谷村政樹 / 並木道子
            
          主演: 小泉今日子 / 中井贵一 / 坂口宪二
            
          类型: 剧情 / 喜剧 / 爱情
            
          制片国家/地区: 日本
            
          年份: 2012
    ","
        倒数第二次恋爱 最後から二番目の恋
      ",,http://movie.douban.com/subject/6989744/,,
8.1,"
      
          导演: 佐藤东弥
            
          主演: 长濑智也 / 手越祐也 / 田中圣
            
          类型: 喜剧
            
          制片国家/地区: 日本
            
          年份: 2006
    ","
        我的老大、我的英雄 マイ★ボス マイ★ヒーロー
      ",,http://movie.douban.com/subject/1905577/,,
8.8,"
      
          导演: 堤幸彦 / 加藤新 / 今井夏木 / 金子文纪
            
          主演: 户田惠梨香 / 加濑亮 / 福田沙纪
            
          类型: 剧情 / 悬疑
            
          制片国家/地区: 日本
            
          年份: 2010
    ","
        SPEC SPEC〜警視庁公安部公安第五課 未詳事件特別対策係事件簿〜
      ",,http://movie.douban.com/subject/4917705/,,
7.8,"
      
          导演: 菅原伸太郎 / 狩山俊輔
            
          主演: 长濑智也 / 麻生久美子 / 丸山隆平
            
          类型: 剧情 / 喜剧 / 爱情
            
          制片国家/地区: 日本
            
          年份: 2013
    ","
        小原不哭 泣くな、はらちゃん
      ",,http://movie.douban.com/subject/20388615/,,
8.2,"
      
          导演: 菅原伸太郎
            
          主演: 大野智 / 深田恭子 / 山田凉介
            
          类型: 剧情
            
          制片国家/地区: 日本
            
          年份: 2013
    ","
        今天是再见的日子 今日の日はさようなら
      ",,http://movie.douban.com/subject/24753685/,,
8.9,"
      
          导演: 平川雄一朗
            
          主演: 大泽隆夫 / 中谷美纪 / 绫濑遥
            
          类型: 剧情 / 奇幻 / 科幻
            
          制片国家/地区: 日本
            
          年份: 2009
    ","
        仁医 JIN-仁-
      ",,http://movie.douban.com/subject/3892394/,,
8.5,"
      
          导演: 松田秀知 / 藤田明二
            
          主演: 米仓凉子 / 仲村亨 / 释由美子
            
          类型: 剧情 / 悬疑 / 爱情
            
          制片国家/地区: 日本
            
          年份: 2004
    ","
        黑色皮革手册 黒革の手帖
      ",,http://movie.douban.com/subject/1998630/,,
8.2,"
      
          导演: 堤幸彦 / 石井康晴 / 平川雄一朗
            
          主演: 山田孝之 / 绫濑遥 / 绪形直人
            
          类型: 剧情 / 爱情
            
          制片国家/地区: 日本
            
          年份: 2004
    ","
        在世界的中心呼唤爱 世界の中心で、愛をさけぶ
      ",,http://movie.douban.com/subject/1462703/,,
8.9,"
      
          导演: 塚原あゆ子 / 山本剛義
            
          主演: 荣仓奈奈 / 洼田正孝 / 贺来贤人
            
          类型: 剧情 / 悬疑
            
          制片国家/地区: 日本
            
          年份: 2014
    ","
        为了N Nのために
      ",,http://movie.douban.com/subject/25960944/,,
7.7,"
      
          导演: 佐藤东弥 / 大谷太郎 / 高橋直治
            
          主演: 仲间由纪惠 / 龟梨和也 / 赤西仁
            
          类型: 剧情 / 喜剧
            
          制片国家/地区: 日本
            
          年份: 2005
    ","
        极道鲜师2 ごくせん 2
      ",,http://movie.douban.com/subject/1465087/,,
9.1,"
      
          导演: 松冈锭司 / 山下敦弘 / 小林圣太郎  / 野本史生 
            
          主演: 小林薰 / 安田成美 / 松重丰
            
          类型: 剧情
            
          制片国家/地区: 日本
            
          年份: 2011
    ","
        深夜食堂2
      ",,http://movie.douban.com/subject/6796133/,,
7.7,"
      
          导演: 平野俊一 
            
          主演: 三浦春马 / 佐藤健 / 吉濑美智子
            
          类型: 剧情 / 悬疑
            
          制片国家/地区: 日本
            
          年份: 2010
    ","
        血色星期一2 ブラッディ・マンデイ 第2シーズン
      ",,http://movie.douban.com/subject/4044842/,,
8.3,"
      
          导演: 土井裕泰 / 难波一弘 / 片山修
            
          主演: 松岛菜菜子 / 泷泽秀明 / 黑木瞳
            
          类型: 剧情 / 爱情
            
          制片国家/地区: 日本
            
          年份: 1999
    ","
        魔女的条件 魔女の条件
      ",,http://movie.douban.com/subject/1464837/,,
8.7,"
      
          导演: 溝口憲司 / 宝来忠昭
            
          主演: 松重丰 / 山村美智 / 宮内順子
            
          类型: 剧情
            
          制片国家/地区: 日本
            
          年份: 2012
    ","
        孤独的美食家 第一季 孤独のグルメ Season1
      ",,http://movie.douban.com/subject/7065168/,,
8.5,"
      
          导演: 土井裕泰 / 山室大辅  / Tsuboi Toshio
            
          主演: 玉木宏 / 香里奈 / 松田翔太
            
          类型: 剧情 / 爱情
            
          制片国家/地区: 日本
            
          年份: 2009
    ","
        爱情洗牌 Love Shuffle
      ",,http://movie.douban.com/subject/3602965/,,
8.3,"
      
          导演: 南云圣一 / 庐山裕子
            
          主演: 筱原凉子 / 加藤爱 / 小泉孝太郎
            
          类型: 剧情 / 喜剧
            
          制片国家/地区: 日本
            
          年份: 2007
    ","
        派遣员的品格 ハケンの品格
      ",,http://movie.douban.com/subject/2040834/,,
7.7,"
      
          导演: 岩本仁志 
            
          主演: 龟梨和也 / 绫濑遥 / 平冈佑太
            
          类型: 剧情 / 爱情
            
          制片国家/地区: 日本
            
          年份: 2006
    ","
        唯一的爱 たったひとつの恋
      ",,http://movie.douban.com/subject/1900492/,,
8.0,"
      
          导演: Hiroki Hayama / 西浦正记 
            
          主演: 山下智久 / 新垣结衣 / 柳叶敏郎
            
          类型: 剧情
            
          制片国家/地区: 日本
            
          年份: 2008
    ","
        紧急救命 コード・ブルー -ドクターヘリ緊急救命-
      ",,http://movie.douban.com/subject/3184572/,,
8.4,"
      
          导演: 平川雄一朗 / 石井康晴
            
          主演: 山田孝之 / 绫濑遥 / 八千草薰
            
          类型: 剧情
            
          制片国家/地区: 日本
            
          年份: 2006
    ","
        白夜行
      ",,http://movie.douban.com/subject/2031438/,,
8.3,"
      
          导演: 中岛悟 / 大谷太郎 / 松永洋一 / 松原浩
            
          主演: 松田翔太 / 高桥克实 / 成海璃子
            
          类型: 剧情 / 喜剧
            
          制片国家/地区: 日本
            
          年份: 2011
    ","
        堂吉诃德 ドン・キホーテ
      ",,http://movie.douban.com/subject/6430841/,,
8.9,"
      
          导演: 并木道子 / 加藤裕将 / 森脇智延
            
          主演: 真木阳子 / 东出昌大 / 二阶堂富美
            
          类型: 剧情
            
          制片国家/地区: 日本
            
          年份: 2015
    ","
        问题餐厅 問題のあるレストラン
      ",,http://movie.douban.com/subject/26266666/,,
8.9,"
      
          导演: 石川淳一
            
          主演: 堺雅人 / 新垣结衣 / 生濑胜久
            
          类型: 剧情 / 喜剧
            
          制片国家/地区: 日本
            
          年份: 2013
    ","
        胜者即是正义SP リーガル・ハイSP
      ",,http://movie.douban.com/subject/21332518/,,
8.1,"
      
          导演: 石井祐介 / 田中亮
            
          主演: 菅野美穗 / 天海祐希 / 玉木宏
            
          类型: 剧情
            
          制片国家/地区: 日本
            
          年份: 2012
    ","
        不结婚 結婚しない
      ",,http://movie.douban.com/subject/11614086/,,
8.4,"
      
          导演: 三木聪 / 岩松了 / 园子温 / 小林一三 / 塚本连平
            
          主演: 小田切让 / 麻生久美子 / 丰原功补
            
          类型: 喜剧
            
          制片国家/地区: 日本
            
          年份: 2006
    ","
        时效警察 時効警察
      ",,http://movie.douban.com/subject/1796986/,,
9.0,"
      
          导演: 茂原雄二 / 阿部雅和 / 佐々木詳太
            
          主演: 仲里依纱 / 沟端淳平 / 星野源
            
          类型: 剧情
            
          制片国家/地区: 日本
            
          年份: 2014
    ","
        昨夜的咖喱 明日的面包 昨夜のカレー 明日のパン
      ",,http://movie.douban.com/subject/25862356/,,
7.8,"
      
          导演: 佐藤东弥 / 大谷太郎 Taro Otani
            
          主演: 仲间由纪惠 / 松本润 / 小栗旬
            
          类型: 喜剧 / 剧情
            
          制片国家/地区: 日本
            
          年份: 2002
    ","
        极道鲜师 ごくせん
      ",,http://movie.douban.com/subject/1465086/,,
8.6,"
      
          导演: 光野道夫
            
          主演: 天海祐希 / 竹野内丰 / 户田惠梨香
            
          类型: 剧情
            
          制片国家/地区: 日本
            
          年份: 2009
    ","
        老大 BOSS
      ",,http://movie.douban.com/subject/3692611/,,
8.1,"
      
          导演: 谷村政树 / 加藤裕将
            
          主演: 北乃绮 / 福田沙纪 / 细田义彦
            
          类型: 剧情
            
          制片国家/地区: 日本
            
          年份: 2007
    ","
        人生 ライフ
      ",,http://movie.douban.com/subject/2142533/,,
8.2,"
      
          导演: 岩本仁志 / Norika Sakuma
            
          主演: 龟梨和也 / 山下智久 / 堀北真希
            
          类型: 喜剧 / 剧情
            
          制片国家/地区: 日本
            
          年份: 2005
    ","
        野猪大改造 野ブタ。をプロデュース
      ",,http://movie.douban.com/subject/1451430/,,
7.9,"
      
          导演: 石井康晴 / 片山修 / 山室大辅 
            
          主演: 井上真央 / 松本润 / 小栗旬
            
          类型: 剧情 / 爱情
            
          制片国家/地区: 日本
            
          年份: 2007
    ","
        花样男子2 花より男子2（リターンズ）
      ",,http://movie.douban.com/subject/1937077/,,
8.2,"
      
          导演: 金子文纪
            
          主演: 二宫和也 / 锦户亮 / 户田惠梨香
            
          类型: 剧情
            
          制片国家/地区: 日本
            
          年份: 2008
    ","
        流星之绊 流星の絆
      ",,http://movie.douban.com/subject/3268241/,,
8.4,"
      
          导演: 橋本一 / 波多野貴文
            
          主演: 小栗旬 / 青木崇高 / 波瑠
            
          类型: 剧情 / 动作
            
          制片国家/地区: 日本
            
          年份: 2014
    ","
        BORDER
      ",,http://movie.douban.com/subject/25823110/,,
8.7,"
      
          导演: 木村隆文 / 小林大児 / 福岡利武 / 盆子原誠
            
          主演: 杏 / 东出昌大 / 原田泰造
            
          类型: 剧情
            
          制片国家/地区: 日本
            
          年份: 2013
    ","
        多谢款待 ごちそうさん
      ",,http://movie.douban.com/subject/20379432/,,
8.0,"
      
          导演: 平野俊一 
            
          主演: 三浦春马 / 吉濑美智子 / 片濑那奈
            
          类型: 剧情
            
          制片国家/地区: 日本
            
          年份: 2008
    ","
        血色星期一 ブラッディ・マンデイ
      ",,http://movie.douban.com/subject/3259416/,,
7.9,"
      
          导演: 石井康晴 / 山室大辅  / 片山修
            
          主演: 井上真央 / 松本润 / 小栗旬
            
          类型: 喜剧 / 爱情
            
          制片国家/地区: 日本
            
          年份: 2005
    ","
        花样男子 花より男子
      ",,http://movie.douban.com/subject/1465668/,,
9.1,"
      
          导演: 武内英树 / 川村泰佑
            
          主演: 上野树里 / 玉木宏 / 瑛太
            
          类型: 喜剧 / 剧情 / 爱情
            
          制片国家/地区: 日本
            
          年份: 2006
    ","
        交响情人梦 のだめカンタービレ
      ",,http://movie.douban.com/subject/1997685/,,
8.1,"
      
          导演: 葉山浩樹 / 城宝秀則
            
          主演: 三浦春马 / 多部未华子 / 斋藤工
            
          类型: 剧情
            
          制片国家/地区: 日本
            
          年份: 2014
    ","
        我存在的时间 僕のいた時間
      ",,http://movie.douban.com/subject/25767614/,,
7.8,"
      
          导演: 石井祐介
            
          主演: 香里奈 / 吉高由里子 / 大岛优子
            
          类型: 剧情 / 爱情
            
          制片国家/地区: 日本
            
          年份: 2011
    ","
        我无法恋爱的理由 私が恋愛できない理由
      ",,http://movie.douban.com/subject/6808702/,,
9.3,"
      
          导演: 宮本理江子 / 加藤裕将
            
          主演: 小泉今日子 / 中井贵一 / 坂口宪二
            
          类型: 剧情 / 喜剧 / 爱情
            
          制片国家/地区: 日本
            
          年份: 2014
    ","
        续倒数第二次恋爱 続・最後から二番目の恋
      ",,http://movie.douban.com/subject/25831331/,,
8.4,"
      
          导演: 森田光则
            
          主演: 柏原崇 / 佐藤蓝子 / 内藤刚志
            
          类型: 喜剧 / 爱情
            
          制片国家/地区: 日本
            
          年份: 1996
    ","
        一吻定情 イタズラなKiss
      ",,http://movie.douban.com/subject/2148799/,,
8.9,"
      
          导演: 村上正典
            
          主演: 泽尻英龙华 / 锦户亮 / 药师丸博子
            
          类型: 剧情 / 爱情
            
          制片国家/地区: 日本
            
          年份: 2005
    ","
        1公升的泪 1リットルの涙
      ",,http://movie.douban.com/subject/1436900/,,
9.1,"
      
          导演: 金子文纪 / 片山修 / 坪井敏雄 
            
          主演: 长濑智也 / 冈田准一 / 西田敏行
            
          类型: 剧情 / 喜剧
            
          制片国家/地区: 日本
            
          年份: 2005
    ","
        虎与龙 タイガー&ドラゴン
      ",,http://movie.douban.com/subject/2173112/,,
8.8,"
      
          导演: 大塚恭司 / 岩本仁志  / 渡部智明
            
          主演: 天海祐希 / 羽田美智子 / 原沙知绘
            
          类型: 剧情
            
          制片国家/地区: 日本
            
          年份: 2005
    ","
        女王的教室 女王の教室
      ",,http://movie.douban.com/subject/1465654/,,
8.3,"
      
          导演: 松山博昭 / 大木綾子
            
          主演: 户田惠梨香 / 松田翔太 / 吉濑美智子
            
          类型: 剧情 / 悬疑 / 犯罪
            
          制片国家/地区: 日本
            
          年份: 2007
    ","
        诈欺游戏 ライアーゲーム
      ",,http://movie.douban.com/subject/2018076/,,
8.4,"
      
          导演: 永田琴 / 阿部雅和 / 川野浩司
            
          主演: 未来穂香 / 古川雄辉 / 山田裕贵
            
          类型: 剧情 / 喜剧 / 爱情
            
          制片国家/地区: 日本
            
          年份: 2013
    ","
        一吻定情 イタズラなKiss～Love in TOKYO
      ",,http://movie.douban.com/subject/21339675/,,
8.5,"
      
          导演: 大根仁
            
          主演: 小田切让 / 石桥莲司 / 小泉麻耶
            
          类型: 剧情 / 悬疑
            
          制片国家/地区: 日本
            
          年份: 2014
    ","
        大川端侦探社 リバースエッジ 大川端探偵社
      ",,http://movie.douban.com/subject/25804453/,,
7.9,"
      
          导演: 福泽克雄 / 平川雄一朗 / 山室大辅 
            
          主演: 木村拓哉 / 绫濑遥 / 水岛宏
            
          类型: 剧情
            
          制片国家/地区: 日本
            
          年份: 2009
    ","
        脑神探 MR. BRAIN
      ",,http://movie.douban.com/subject/3730636/,,
9.1,"
      
          导演: 福澤克雄 / 棚澤孝義
            
          主演: 堺雅人 / 上户彩 / 香川照之
            
          类型: 剧情
            
          制片国家/地区: 日本
            
          年份: 2013
    ","
        半泽直树 半沢直樹
      ",,http://movie.douban.com/subject/24697949/,,
8.7,"
      
          导演: 猪股隆一 / 長沼誠 / 鈴木勇馬
            
          主演: 芦田爱菜 / 铃木梨央 / 渡边木实
            
          类型: 剧情
            
          制片国家/地区: 日本
            
          年份: 2014
    ","
        明天，妈妈不在 明日、ママがいない
      ",,http://movie.douban.com/subject/25780651/,,
8.1,"
      
          导演: 西浦正记  / 田中亮
            
          主演: 小栗旬 / 石原里美 / 相武纱季
            
          类型: 剧情 / 喜剧 / 爱情
            
          制片国家/地区: 日本
            
          年份: 2012
    ","
        有钱男与贫穷女 リッチマン、プアウーマン
      ",,http://movie.douban.com/subject/10756863/,,
7.8,"
      
          导演: 三岛有纪子
            
          主演: 相武纱季 / 小泽征悦 / 中村友理
            
          类型: 悬疑
            
          制片国家/地区: 日本
            
          年份: 2015
    ","
        玻璃芦苇 硝子の葦
      ",,http://movie.douban.com/subject/26281391/,,
7.6,"
      
          导演: 土方政人 / 佐藤源太 / 北川学
            
          主演: 速水重道 / 相武纱季 / 水岛宏
            
          类型: 剧情 / 喜剧 / 奇幻
            
          制片国家/地区: 日本
            
          年份: 2008
    ","
        绝对男友 絶対彼氏〜完全無欠の恋人ロボット〜
      ",,http://movie.douban.com/subject/3011224/,,
8.9,"
      
          导演: 武内英树
            
          主演: 上野树里 / 玉木宏 / 瑛太
            
          类型: 剧情
            
          制片国家/地区: 日本
            
          年份: 2008
    ","
        交响情人梦之欧洲特别篇 のだめカンタービレ in ヨーロッパ
      ",,http://movie.douban.com/subject/3006302/,,
8.4,"
      
          导演: 中岛悟 / 阿部雄一 
            
          主演: 志田未来 / 山田优 / 本乡奏多
            
          类型: 剧情
            
          制片国家/地区: 日本
            
          年份: 2008
    ","
        正义的伙伴 正義の味方
      ",,http://movie.douban.com/subject/3197491/,,
8.5,"
      
          导演: 成田岳 / 加藤裕将
            
          主演: 山下智久 / 长泽雅美 / 荣仓奈奈
            
          类型: 剧情
            
          制片国家/地区: 日本
            
          年份: 2008
    ","
        求婚大作战特别篇 プロポーズ大作戦スペシャル
      ",,http://movie.douban.com/subject/3168993/,,
8.5,"
      
          导演: 河野圭太
            
          主演: 二宫和也 / 香里奈 / 井川遥
            
          类型: 剧情 / 家庭
            
          制片国家/地区: 日本
            
          年份: 2010
    ","
        打工仔的梦想房 フリーター、家を買う。
      ",,http://movie.douban.com/subject/4944035/,,
